question_id,question
q001,What is 4037 - 1258?
q002,What is 14 × 63?
q003,What is 30 × 22?
q004,What is 7190 - 3081?
q005,What is 93 × 50?
q006,What is 6963 - 5563?
q007,What is 6522 - 5291?
q008,What is 84 × 99?
q009,What is 7256 - 1348?
q010,What is 9695 - 2629?
q011,What is 47 × 63?
q012,What is 41 × 60?
q013,What is 1560 + 9485?
q014,What is 9777 - 7047?
q015,What is 51 × 79?
q016,What is 9689 - 1618?
q017,What is 421 + 1800?
q018,What is 8069 - 7478?
q019,What is 92 × 34?
q020,What is 7176 + 664?
q021,What is 38 × 56?
q022,What is 69 × 84?
q023,What is 8427 + 4378?
q024,What is 1605 + 129?
q025,What is 78 × 24?
q026,What is 3348 + 7133?
q027,What is 2197 + 783?
q028,What is 3647 - 1867?
q029,What is 3083 + 1256?
q030,What is 60 × 82?
q031,What is 51 × 79?
q032,What is 8759 - 3652?
q033,What is 6111 - 4763?
q034,What is 6991 - 142?
q035,What is 47 × 81?
q036,What is 48 × 38?
q037,What is 73 × 75?
q038,What is 9391 - 8993?
q039,What is 6111 - 4763?
q040,What is 95 × 48?
q041,What is 8599 + 3682?
q042,What is 2197 + 783?
q043,What is 3644 - 2299?
q044,What is 1560 + 9485?
q045,What is 17 × 29?
q046,What is 18 × 84?
q047,What is 95 × 48?
q048,What is 50 × 45?
q049,What is 18 × 84?
q050,What is 43 × 34?
q051,What is 4762 - 4170?
q052,What is 7852 + 3450?
q053,What is 9314 - 8537?
q054,What is 86 × 50?
q055,What is 1427 + 8876?
q056,What is 24 × 46?
