run,model,temperature,question_id,response,latency_ms,timestamp
1,model-a,0.0,q001,2779,8591,2026-10-19T07:31:05.591Z
1,model-a,0.0,q002,982,840,2026-10-19T07:31:06.431Z
1,model-a,0.0,q003,660,926,2026-10-19T07:31:07.357Z
1,model-a,0.0,q004,4109,639,2026-10-19T07:31:07.996Z
1,model-a,0.0,q005,4650,825,2026-10-19T07:31:08.821Z
1,model-a,0.0,q006,1400,689,2026-10-19T07:31:09.510Z
1,model-a,0.0,q007,1221,896,2026-10-19T07:31:10.406Z
1,model-a,0.0,q008,8361,746,2026-10-19T07:31:11.152Z
1,model-a,0.0,q009,5908,787,2026-10-19T07:31:11.939Z
1,model-a,0.0,q010,7066,687,2026-10-19T07:31:12.626Z
1,model-a,0.0,q011,2962,815,2026-10-19T07:31:13.441Z
1,model-a,0.0,q012,2460,793,2026-10-19T07:31:14.234Z
1,model-a,0.0,q013,11045,893,2026-10-19T07:31:15.127Z
1,model-a,0.0,q014,2730,911,2026-10-19T07:31:16.038Z
1,model-a,0.0,q015,4029,833,2026-10-19T07:31:16.871Z
1,model-a,0.0,q016,7971,1021,2026-10-19T07:31:17.892Z
1,model-a,0.0,q017,2221,776,2026-10-19T07:31:18.668Z
1,model-a,0.0,q018,591,910,2026-10-19T07:31:19.578Z
1,model-a,0.0,q019,3228,890,2026-10-19T07:31:20.468Z
1,model-a,0.0,q020,8740,764,2026-10-19T07:31:21.232Z
1,model-a,0.0,q021,2228,874,2026-10-19T07:31:22.106Z
1,model-a,0.0,q022,5797,688,2026-10-19T07:31:22.794Z
1,model-a,0.0,q023,12805,966,2026-10-19T07:31:23.760Z
1,model-a,0.0,q024,1734,724,2026-10-19T07:31:24.484Z
1,model-a,0.0,q025,8172,888,2026-10-19T07:31:25.372Z
1,model-a,0.0,q026,10481,721,2026-10-19T07:31:26.093Z
1,model-a,0.0,q027,2980,876,2026-10-19T07:31:26.969Z
1,model-a,0.0,q028,1780,820,2026-10-19T07:31:27.789Z
1,model-a,0.0,q029,4393,850,2026-10-19T07:31:28.639Z
1,model-a,0.0,q030,4920,793,2026-10-19T07:31:29.432Z
1,model-a,0.0,q031,4029,614,2026-10-19T07:31:30.046Z
1,model-a,0.0,q032,5107,798,2026-10-19T07:31:30.844Z
1,model-a,0.0,q033,1348,957,2026-10-19T07:31:31.801Z
1,model-a,0.0,q034,6849,898,2026-10-19T07:31:32.699Z
1,model-a,0.0,q035,3808,732,2026-10-19T07:31:33.431Z
1,model-a,0.0,q036,1824,923,2026-10-19T07:31:34.354Z
1,model-a,0.0,q037,5475,860,2026-10-19T07:31:35.214Z
1,model-a,0.0,q038,398,965,2026-10-19T07:31:36.179Z
1,model-a,0.0,q039,1348,800,2026-10-19T07:31:36.979Z
1,model-a,0.0,q040,4560,742,2026-10-19T07:31:37.721Z
1,model-a,0.0,q041,12281,815,2026-10-19T07:31:38.536Z
1,model-a,0.0,q042,2980,777,2026-10-19T07:31:39.313Z
1,model-a,0.0,q043,1345,894,2026-10-19T07:31:40.207Z
1,model-a,0.0,q044,11045,929,2026-10-19T07:31:41.136Z
1,model-a,0.0,q045,492,950,2026-10-19T07:31:42.086Z
1,model-a,0.0,q046,1512,1047,2026-10-19T07:31:43.133Z
1,model-a,0.0,q047,4560,881,2026-10-19T07:31:44.014Z
1,model-a,0.0,q048,2260,813,2026-10-19T07:31:44.827Z
1,model-a,0.0,q049,1512,604,2026-10-19T07:31:45.431Z
1,model-a,0.0,q050,1462,797,2026-10-19T07:31:46.228Z
1,model-a,0.0,q051,592,875,2026-10-19T07:31:47.103Z
1,model-a,0.0,q052,11302,1089,2026-10-19T07:31:48.192Z
1,model-a,0.0,q053,777,841,2026-10-19T07:31:49.033Z
1,model-a,0.0,q054,4300,861,2026-10-19T07:31:49.894Z
1,model-a,0.0,q055,10303,922,2026-10-19T07:31:50.816Z
1,model-a,0.0,q056,1104,805,2026-10-19T07:31:51.621Z
1,model-b,0.7,q001,2779,7941,2026-10-19T07:52:41.562Z
1,model-b,0.7,q002,14 × 63 = 882,1353,2026-10-19T07:52:42.915Z
1,model-b,0.7,q003,650,1323,2026-10-19T07:52:44.238Z
1,model-b,0.7,q004,7190 - 3081 = 4109,1312,2026-10-19T07:52:45.550Z
1,model-b,0.7,q005,93 × 50 = 4605,1239,2026-10-19T07:52:46.789Z
1,model-b,0.7,q006,1400,1958,2026-10-19T07:52:48.747Z
1,model-b,0.7,q007,1231,1719,2026-10-19T07:52:50.466Z
1,model-b,0.7,q008,84 × 99 = 8316,1488,2026-10-19T07:52:51.954Z
1,model-b,0.7,q009,**5908**,1155,2026-10-19T07:52:53.109Z
1,model-b,0.7,q010,7066,1852,2026-10-19T07:52:54.961Z
1,model-b,0.7,q011,**2961**,1597,2026-10-19T07:52:56.558Z
1,model-b,0.7,q012,2560,1648,2026-10-19T07:52:58.206Z
1,model-b,0.7,q013,"The answer is 11,045.",1431,2026-10-19T07:52:59.637Z
1,model-b,0.7,q014,"The answer is 2,730.",1620,2026-10-19T07:53:01.257Z
1,model-b,0.7,q015,**4209**,1533,2026-10-19T07:53:02.790Z
1,model-b,0.7,q016,9689 - 1618 = 8071,1672,2026-10-19T07:53:04.462Z
1,model-b,0.7,q017,2211,931,2026-10-19T07:53:05.393Z
1,model-b,0.7,q018,591,1307,2026-10-19T07:53:06.700Z
1,model-b,0.7,q019,"The answer is 3,118.",1398,2026-10-19T07:53:08.098Z
1,model-b,0.7,q020,7840,1078,2026-10-19T07:53:09.176Z
1,model-b,0.7,q021,"The answer is 2,129.",1095,2026-10-19T07:53:10.271Z
1,model-b,0.7,q022,5796,1678,2026-10-19T07:53:11.949Z
1,model-b,0.7,q023,12805,1304,2026-10-19T07:53:13.253Z
1,model-b,0.7,q024,1734,1124,2026-10-19T07:53:14.377Z
1,model-b,0.7,q025,1872,1093,2026-10-19T07:53:15.470Z
1,model-b,0.7,q026,"Sure! 3348 + 7133 equals 10,491.",1329,2026-10-19T07:53:16.799Z
1,model-b,0.7,q027,2197 + 783 = 2980,1350,2026-10-19T07:53:18.148Z
1,model-b,0.7,q028,1780,1491,2026-10-19T07:53:19.639Z
1,model-b,0.7,q029,"The answer is 4,339.",1116,2026-10-19T07:53:20.755Z
1,model-b,0.7,q030,4920,1461,2026-10-19T07:53:22.216Z
1,model-b,0.7,q031,**4209**,1247,2026-10-19T07:53:23.463Z
1,model-b,0.7,q032,**5107**,1563,2026-10-19T07:53:25.026Z
1,model-b,0.7,q033,1348,1523,2026-10-19T07:53:26.549Z
1,model-b,0.7,q034,6849,1290,2026-10-19T07:53:27.839Z
1,model-b,0.7,q035,"3,807",1566,2026-10-19T07:53:29.405Z
1,model-b,0.7,q036,**1824**,1303,2026-10-19T07:53:30.708Z
1,model-b,0.7,q037,**5475**,1343,2026-10-19T07:53:32.051Z
1,model-b,0.7,q038,The answer is 398.,1753,2026-10-19T07:53:33.804Z
1,model-b,0.7,q039,1348,1358,2026-10-19T07:53:35.162Z
1,model-b,0.7,q040,95 × 48 = 4560,1670,2026-10-19T07:53:36.832Z
1,model-b,0.7,q041,12281,1819,2026-10-19T07:53:38.651Z
1,model-b,0.7,q042,2197 + 783 = 2980,1274,2026-10-19T07:53:39.925Z
1,model-b,0.7,q043,1345,1505,2026-10-19T07:53:41.430Z
1,model-b,0.7,q044,"The answer is 11,045.",1394,2026-10-19T07:53:42.824Z
1,model-b,0.7,q045,The answer is 943.,1191,2026-10-19T07:53:44.015Z
1,model-b,0.7,q046,1513,1723,2026-10-19T07:53:45.738Z
1,model-b,0.7,q047,95 × 48 = 4560,1673,2026-10-19T07:53:47.411Z
1,model-b,0.7,q048,"The answer is 2,250.",1630,2026-10-19T07:53:49.042Z
1,model-b,0.7,q049,1513,1164,2026-10-19T07:53:50.206Z
1,model-b,0.7,q050,1462,1347,2026-10-19T07:53:51.552Z
1,model-b,0.7,q051,592,1332,2026-10-19T07:53:52.885Z
1,model-b,0.7,q052,11302,1412,2026-10-19T07:53:54.296Z
1,model-b,0.7,q053,Sure! 9314 - 8537 equals 777.,1348,2026-10-19T07:53:55.645Z
1,model-b,0.7,q054,"Sure! 86 × 50 equals 4,300.",1419,2026-10-19T07:53:57.063Z
1,model-b,0.7,q055,10303,1811,2026-10-19T07:53:58.875Z
1,model-b,0.7,q056,**1104**,1440,2026-10-19T07:54:00.315Z
2,model-a,0.0,q001,2779,8770,2026-10-19T08:40:19.085Z
2,model-a,0.0,q002,982,721,2026-10-19T08:40:19.806Z
2,model-a,0.0,q003,660,811,2026-10-19T08:40:20.617Z
2,model-a,0.0,q004,4109,851,2026-10-19T08:40:21.468Z
2,model-a,0.0,q005,4650,823,2026-10-19T08:40:22.291Z
2,model-a,0.0,q006,1400,867,2026-10-19T08:40:23.158Z
2,model-a,0.0,q007,1221,802,2026-10-19T08:40:23.960Z
2,model-a,0.0,q008,8361,718,2026-10-19T08:40:24.678Z
2,model-a,0.0,q009,5908,781,2026-10-19T08:40:25.459Z
2,model-a,0.0,q010,7066,898,2026-10-19T08:40:26.357Z
2,model-a,0.0,q011,2962,925,2026-10-19T08:40:27.282Z
2,model-a,0.0,q012,2460,649,2026-10-19T08:40:27.931Z
2,model-a,0.0,q013,11045,840,2026-10-19T08:40:28.770Z
2,model-a,0.0,q014,2730,761,2026-10-19T08:40:29.531Z
2,model-a,0.0,q015,4029,948,2026-10-19T08:40:30.479Z
2,model-a,0.0,q016,7971,856,2026-10-19T08:40:31.335Z
2,model-a,0.0,q017,2221,910,2026-10-19T08:40:32.245Z
2,model-a,0.0,q018,591,1108,2026-10-19T08:40:33.353Z
2,model-a,0.0,q019,3228,1004,2026-10-19T08:40:34.357Z
2,model-a,0.0,q020,8740,1068,2026-10-19T08:40:35.425Z
2,model-a,0.0,q021,2228,671,2026-10-19T08:40:36.096Z
2,model-a,0.0,q022,5797,874,2026-10-19T08:40:36.970Z
2,model-a,0.0,q023,12805,909,2026-10-19T08:40:37.879Z
2,model-a,0.0,q024,1734,741,2026-10-19T08:40:38.620Z
2,model-a,0.0,q025,8172,1016,2026-10-19T08:40:39.636Z
2,model-a,0.0,q026,10481,1302,2026-10-19T08:40:40.938Z
2,model-a,0.0,q027,2980,829,2026-10-19T08:40:41.767Z
2,model-a,0.0,q028,1780,939,2026-10-19T08:40:42.706Z
2,model-a,0.0,q029,4393,822,2026-10-19T08:40:43.528Z
2,model-a,0.0,q030,4920,886,2026-10-19T08:40:44.414Z
2,model-a,0.0,q031,4029,923,2026-10-19T08:40:45.337Z
2,model-a,0.0,q032,5107,731,2026-10-19T08:40:46.068Z
2,model-a,0.0,q033,1348,792,2026-10-19T08:40:46.860Z
2,model-a,0.0,q034,6849,935,2026-10-19T08:40:47.795Z
2,model-a,0.0,q035,3808,813,2026-10-19T08:40:48.608Z
2,model-a,0.0,q036,1824,941,2026-10-19T08:40:49.549Z
2,model-a,0.0,q037,5475,1011,2026-10-19T08:40:50.560Z
2,model-a,0.0,q038,398,802,2026-10-19T08:40:51.362Z
2,model-a,0.0,q039,1348,950,2026-10-19T08:40:52.312Z
2,model-a,0.0,q040,4560,1009,2026-10-19T08:40:53.321Z
2,model-a,0.0,q041,12281,815,2026-10-19T08:40:54.136Z
2,model-a,0.0,q042,2980,838,2026-10-19T08:40:54.974Z
2,model-a,0.0,q043,1345,855,2026-10-19T08:40:55.829Z
2,model-a,0.0,q044,11045,923,2026-10-19T08:40:56.753Z
2,model-a,0.0,q045,492,781,2026-10-19T08:40:57.533Z
2,model-a,0.0,q046,1512,881,2026-10-19T08:40:58.414Z
2,model-a,0.0,q047,4560,942,2026-10-19T08:40:59.356Z
2,model-a,0.0,q048,2260,624,2026-10-19T08:40:59.980Z
2,model-a,0.0,q049,1512,931,2026-10-19T08:41:00.911Z
2,model-a,0.0,q050,1462,898,2026-10-19T08:41:01.809Z
2,model-a,0.0,q051,592,761,2026-10-19T08:41:02.570Z
2,model-a,0.0,q052,11302,958,2026-10-19T08:41:03.528Z
2,model-a,0.0,q053,777,798,2026-10-19T08:41:04.326Z
2,model-a,0.0,q054,4300,851,2026-10-19T08:41:05.177Z
2,model-a,0.0,q055,10303,775,2026-10-19T08:41:05.953Z
2,model-a,0.0,q056,1104,833,2026-10-19T08:41:06.786Z
2,model-b,0.7,q001,"2,779",8090,2026-10-19T09:21:35.875Z
2,model-b,0.7,q002,882,1519,2026-10-19T09:21:37.395Z
2,model-b,0.7,q003,660,1524,2026-10-19T09:21:38.918Z
2,model-b,0.7,q004,"4,109",1448,2026-10-19T09:21:40.366Z
2,model-b,0.7,q005,"The answer is 4,650.",1393,2026-10-19T09:21:41.759Z
2,model-b,0.7,q006,"Sure! 6963 - 5563 equals 1,410.",1333,2026-10-19T09:21:43.092Z
2,model-b,0.7,q007,"The answer is 1,231.",1468,2026-10-19T09:21:44.560Z
2,model-b,0.7,q008,8316,1236,2026-10-19T09:21:45.796Z
2,model-b,0.7,q009,"The answer is 5,908.",1644,2026-10-19T09:21:47.440Z
2,model-b,0.7,q010,7066,1298,2026-10-19T09:21:48.738Z
2,model-b,0.7,q011,2961,1168,2026-10-19T09:21:49.906Z
2,model-b,0.7,q012,2460,1378,2026-10-19T09:21:51.284Z
2,model-b,0.7,q013,11035,1573,2026-10-19T09:21:52.857Z
2,model-b,0.7,q014,"The answer is 2,730.",1475,2026-10-19T09:21:54.332Z
2,model-b,0.7,q015,4029,1528,2026-10-19T09:21:55.860Z
2,model-b,0.7,q016,8071,891,2026-10-19T09:21:56.751Z
2,model-b,0.7,q017,**2221**,1024,2026-10-19T09:21:57.775Z
2,model-b,0.7,q018,591,1472,2026-10-19T09:21:59.247Z
2,model-b,0.7,q019,"Sure! 92 × 34 equals 3,118.",1377,2026-10-19T09:22:00.624Z
2,model-b,0.7,q020,"7,840",1402,2026-10-19T09:22:02.026Z
2,model-b,0.7,q021,2128,1334,2026-10-19T09:22:03.360Z
2,model-b,0.7,q022,**5795**,1462,2026-10-19T09:22:04.822Z
2,model-b,0.7,q023,"The answer is 12,805.",1406,2026-10-19T09:22:06.228Z
2,model-b,0.7,q024,1733,1762,2026-10-19T09:22:07.990Z
2,model-b,0.7,q025,"1,872",1231,2026-10-19T09:22:09.221Z
2,model-b,0.7,q026,10481,1286,2026-10-19T09:22:10.507Z
2,model-b,0.7,q027,2980,1106,2026-10-19T09:22:11.613Z
2,model-b,0.7,q028,1780,1638,2026-10-19T09:22:13.251Z
2,model-b,0.7,q029,"4,339",1607,2026-10-19T09:22:14.858Z
2,model-b,0.7,q030,4920,1570,2026-10-19T09:22:16.428Z
2,model-b,0.7,q031,4029,1463,2026-10-19T09:22:17.891Z
2,model-b,0.7,q032,8759 - 3652 = 5107,1501,2026-10-19T09:22:19.392Z
2,model-b,0.7,q033,"The answer is 1,358.",1787,2026-10-19T09:22:21.179Z
2,model-b,0.7,q034,"The answer is 6,849.",1388,2026-10-19T09:22:22.567Z
2,model-b,0.7,q035,3797,1276,2026-10-19T09:22:23.843Z
2,model-b,0.7,q036,1824,1246,2026-10-19T09:22:25.089Z
2,model-b,0.7,q037,5475,1645,2026-10-19T09:22:26.734Z
2,model-b,0.7,q038,398,1346,2026-10-19T09:22:28.080Z
2,model-b,0.7,q039,"The answer is 1,358.",1580,2026-10-19T09:22:29.660Z
2,model-b,0.7,q040,4561,1864,2026-10-19T09:22:31.524Z
2,model-b,0.7,q041,"12,281",1240,2026-10-19T09:22:32.764Z
2,model-b,0.7,q042,2980,1715,2026-10-19T09:22:34.479Z
2,model-b,0.7,q043,"1,345",1840,2026-10-19T09:22:36.319Z
2,model-b,0.7,q044,11035,1792,2026-10-19T09:22:38.111Z
2,model-b,0.7,q045,483,1385,2026-10-19T09:22:39.496Z
2,model-b,0.7,q046,1512,1291,2026-10-19T09:22:40.787Z
2,model-b,0.7,q047,4561,969,2026-10-19T09:22:41.756Z
2,model-b,0.7,q048,2250,1186,2026-10-19T09:22:42.942Z
2,model-b,0.7,q049,1512,1142,2026-10-19T09:22:44.084Z
2,model-b,0.7,q050,1462,1449,2026-10-19T09:22:45.533Z
2,model-b,0.7,q051,592,1059,2026-10-19T09:22:46.592Z
2,model-b,0.7,q052,11302,1554,2026-10-19T09:22:48.146Z
2,model-b,0.7,q053,9314 - 8537 = 777,1625,2026-10-19T09:22:49.771Z
2,model-b,0.7,q054,4300,1455,2026-10-19T09:22:51.226Z
2,model-b,0.7,q055,**10303**,1747,2026-10-19T09:22:52.973Z
2,model-b,0.7,q056,1104,1010,2026-10-19T09:22:53.983Z
3,model-a,0.0,q001,2779,7106,2026-10-19T10:00:08.089Z
3,model-a,0.0,q002,982,841,2026-10-19T10:00:08.930Z
3,model-a,0.0,q003,660,826,2026-10-19T10:00:09.756Z
3,model-a,0.0,q004,4109,1004,2026-10-19T10:00:10.760Z
3,model-a,0.0,q005,4650,682,2026-10-19T10:00:11.442Z
3,model-a,0.0,q006,1400,1100,2026-10-19T10:00:12.542Z
3,model-a,0.0,q007,1221,810,2026-10-19T10:00:13.352Z
3,model-a,0.0,q008,8361,718,2026-10-19T10:00:14.070Z
3,model-a,0.0,q009,5908,845,2026-10-19T10:00:14.915Z
3,model-a,0.0,q010,7066,697,2026-10-19T10:00:15.612Z
3,model-a,0.0,q011,2962,902,2026-10-19T10:00:16.514Z
3,model-a,0.0,q012,2460,584,2026-10-19T10:00:17.098Z
3,model-a,0.0,q013,11045,758,2026-10-19T10:00:17.856Z
3,model-a,0.0,q014,2730,982,2026-10-19T10:00:18.838Z
3,model-a,0.0,q015,4029,636,2026-10-19T10:00:19.474Z
3,model-a,0.0,q016,7971,767,2026-10-19T10:00:20.241Z
3,model-a,0.0,q017,2221,973,2026-10-19T10:00:21.214Z
3,model-a,0.0,q018,591,799,2026-10-19T10:00:22.013Z
3,model-a,0.0,q019,3228,970,2026-10-19T10:00:22.983Z
3,model-a,0.0,q020,8740,866,2026-10-19T10:00:23.849Z
3,model-a,0.0,q021,2228,842,2026-10-19T10:00:24.691Z
3,model-a,0.0,q022,5797,1016,2026-10-19T10:00:25.707Z
3,model-a,0.0,q023,12805,929,2026-10-19T10:00:26.636Z
3,model-a,0.0,q024,1734,944,2026-10-19T10:00:27.580Z
3,model-a,0.0,q025,8172,1022,2026-10-19T10:00:28.602Z
3,model-a,0.0,q026,10481,594,2026-10-19T10:00:29.196Z
3,model-a,0.0,q027,2980,865,2026-10-19T10:00:30.061Z
3,model-a,0.0,q028,1780,913,2026-10-19T10:00:30.974Z
3,model-a,0.0,q029,4393,1083,2026-10-19T10:00:32.057Z
3,model-a,0.0,q030,4920,705,2026-10-19T10:00:32.762Z
3,model-a,0.0,q031,4029,912,2026-10-19T10:00:33.674Z
3,model-a,0.0,q032,5107,1062,2026-10-19T10:00:34.736Z
3,model-a,0.0,q033,1348,842,2026-10-19T10:00:35.578Z
3,model-a,0.0,q034,6849,910,2026-10-19T10:00:36.488Z
3,model-a,0.0,q035,3808,801,2026-10-19T10:00:37.289Z
3,model-a,0.0,q036,1824,899,2026-10-19T10:00:38.188Z
3,model-a,0.0,q037,5475,720,2026-10-19T10:00:38.908Z
3,model-a,0.0,q038,398,1063,2026-10-19T10:00:39.971Z
3,model-a,0.0,q039,1348,878,2026-10-19T10:00:40.849Z
3,model-a,0.0,q040,4560,770,2026-10-19T10:00:41.619Z
3,model-a,0.0,q041,12281,991,2026-10-19T10:00:42.610Z
3,model-a,0.0,q042,2980,730,2026-10-19T10:00:43.340Z
3,model-a,0.0,q043,1345,741,2026-10-19T10:00:44.081Z
3,model-a,0.0,q044,11045,924,2026-10-19T10:00:45.005Z
3,model-a,0.0,q045,492,994,2026-10-19T10:00:45.999Z
3,model-a,0.0,q046,1512,880,2026-10-19T10:00:46.879Z
3,model-a,0.0,q047,4560,846,2026-10-19T10:00:47.725Z
3,model-a,0.0,q048,2260,880,2026-10-19T10:00:48.605Z
3,model-a,0.0,q049,1512,821,2026-10-19T10:00:49.426Z
3,model-a,0.0,q050,1462,1074,2026-10-19T10:00:50.500Z
3,model-a,0.0,q051,592,1034,2026-10-19T10:00:51.534Z
3,model-a,0.0,q052,11302,928,2026-10-19T10:00:52.462Z
3,model-a,0.0,q053,777,719,2026-10-19T10:00:53.181Z
3,model-a,0.0,q054,4300,784,2026-10-19T10:00:53.965Z
3,model-a,0.0,q055,10303,817,2026-10-19T10:00:54.782Z
3,model-a,0.0,q056,1104,796,2026-10-19T10:00:55.578Z
3,model-b,0.7,q001,2779,10714,2026-10-19T10:39:49.292Z
3,model-b,0.7,q002,882,1331,2026-10-19T10:39:50.623Z
3,model-b,0.7,q003,**660**,1327,2026-10-19T10:39:51.950Z
3,model-b,0.7,q004,**4109**,1297,2026-10-19T10:39:53.247Z
3,model-b,0.7,q005,4650,855,2026-10-19T10:39:54.102Z
3,model-b,0.7,q006,1400,1113,2026-10-19T10:39:55.215Z
3,model-b,0.7,q007,6522 - 5291 = 1221,1899,2026-10-19T10:39:57.114Z
3,model-b,0.7,q008,"Sure! 84 × 99 equals 8,316.",1569,2026-10-19T10:39:58.683Z
3,model-b,0.7,q009,5908,1401,2026-10-19T10:40:00.084Z
3,model-b,0.7,q010,"The answer is 7,066.",1215,2026-10-19T10:40:01.299Z
3,model-b,0.7,q011,2961,1621,2026-10-19T10:40:02.920Z
3,model-b,0.7,q012,"Sure! 41 × 60 equals 2,460.",1459,2026-10-19T10:40:04.379Z
3,model-b,0.7,q013,"The answer is 11,045.",1617,2026-10-19T10:40:05.996Z
3,model-b,0.7,q014,9777 - 7047 = 2730,1692,2026-10-19T10:40:07.688Z
3,model-b,0.7,q015,"The answer is 4,092.",1543,2026-10-19T10:40:09.231Z
3,model-b,0.7,q016,"Sure! 9689 - 1618 equals 8,701.",1123,2026-10-19T10:40:10.354Z
3,model-b,0.7,q017,2221,1421,2026-10-19T10:40:11.775Z
3,model-b,0.7,q018,Sure! 8069 - 7478 equals 591.,654,2026-10-19T10:40:12.429Z
3,model-b,0.7,q019,3128,1150,2026-10-19T10:40:13.579Z
3,model-b,0.7,q020,7840,1742,2026-10-19T10:40:15.321Z
3,model-b,0.7,q021,2128,1294,2026-10-19T10:40:16.615Z
3,model-b,0.7,q022,"The answer is 5,796.",1386,2026-10-19T10:40:18.001Z
3,model-b,0.7,q023,12805,1272,2026-10-19T10:40:19.273Z
3,model-b,0.7,q024,"Sure! 1605 + 129 equals 1,734.",1734,2026-10-19T10:40:21.007Z
3,model-b,0.7,q025,78 × 24 = 1872,1491,2026-10-19T10:40:22.498Z
3,model-b,0.7,q026,3348 + 7133 = 10481,1220,2026-10-19T10:40:23.718Z
3,model-b,0.7,q027,2979,1437,2026-10-19T10:40:25.155Z
3,model-b,0.7,q028,3647 - 1867 = 1780,868,2026-10-19T10:40:26.023Z
3,model-b,0.7,q029,3083 + 1256 = 4339,1355,2026-10-19T10:40:27.378Z
3,model-b,0.7,q030,4919,1184,2026-10-19T10:40:28.562Z
3,model-b,0.7,q031,"The answer is 4,092.",1109,2026-10-19T10:40:29.671Z
3,model-b,0.7,q032,5107,1475,2026-10-19T10:40:31.146Z
3,model-b,0.7,q033,1248,929,2026-10-19T10:40:32.075Z
3,model-b,0.7,q034,6849,1442,2026-10-19T10:40:33.517Z
3,model-b,0.7,q035,3817,1485,2026-10-19T10:40:35.002Z
3,model-b,0.7,q036,1814,1592,2026-10-19T10:40:36.594Z
3,model-b,0.7,q037,5475,1365,2026-10-19T10:40:37.959Z
3,model-b,0.7,q038,Sure! 9391 - 8993 equals 298.,1306,2026-10-19T10:40:39.265Z
3,model-b,0.7,q039,1248,1169,2026-10-19T10:40:40.434Z
3,model-b,0.7,q040,4560,1575,2026-10-19T10:40:42.009Z
3,model-b,0.7,q041,12281,1400,2026-10-19T10:40:43.409Z
3,model-b,0.7,q042,2979,1505,2026-10-19T10:40:44.914Z
3,model-b,0.7,q043,1345,1151,2026-10-19T10:40:46.065Z
3,model-b,0.7,q044,"The answer is 11,045.",1349,2026-10-19T10:40:47.414Z
3,model-b,0.7,q045,493,1288,2026-10-19T10:40:48.702Z
3,model-b,0.7,q046,1512,1601,2026-10-19T10:40:50.303Z
3,model-b,0.7,q047,4560,1713,2026-10-19T10:40:52.016Z
3,model-b,0.7,q048,2260,1330,2026-10-19T10:40:53.346Z
3,model-b,0.7,q049,1512,1291,2026-10-19T10:40:54.637Z
3,model-b,0.7,q050,**1462**,1149,2026-10-19T10:40:55.786Z
3,model-b,0.7,q051,4762 - 4170 = 592,1585,2026-10-19T10:40:57.371Z
3,model-b,0.7,q052,"The answer is 11,302.",1667,2026-10-19T10:40:59.038Z
3,model-b,0.7,q053,**777**,1312,2026-10-19T10:41:00.350Z
3,model-b,0.7,q054,"The answer is 4,310.",1526,2026-10-19T10:41:01.876Z
3,model-b,0.7,q055,10303,1591,2026-10-19T10:41:03.467Z
3,model-b,0.7,q056,24 × 46 = 1104,665,2026-10-19T10:41:04.132Z
